transaction_id,customer_id,transaction_amount,transaction_date,transaction_type,merchant_category,location
1,145,2230.36,2024-04-05 12:56:05,credit,grocery,Delhi
2,151,126636.84,2024-05-12 08:22:18,debit,travel,Chennai
3,150,82919.31,2024-04-25 01:14:07,debit,jewelry,Hyderabad
4,154,171301.99,2024-05-29 12:47:52,debit,pharmacy,Kolkata
5,145,223166.06,2024-05-02 19:29:47,credit,pharmacy,Chennai
6,182,257671.27,2024-05-17 17:43:32,debit,travel,Chennai
7,172,192415.5,2024-05-26 15:55:55,debit,jewelry,Ahmedabad
8,143,90088.29,2024-05-12 21:50:54,debit,grocery,Ahmedabad
9,148,4453.19,2024-05-06 03:12:01,debit,petrol,Kolkata
10,167,190283.92,2024-05-28 14:35:07,credit,pharmacy,Bangalore
11,145,263364.16,2024-04-26 18:30:37,debit,travel,Bangalore
12,119,166622.68,2024-04-12 17:06:14,credit,travel,Mumbai
13,148,254447.26,2024-05-28 18:47:05,debit,petrol,Bangalore
14,111,240297.86,2024-04-06 04:02:43,debit,electronics,Ahmedabad
15,194,236172.79,2024-04-23 17:55:53,credit,petrol,Kolkata
16,191,103008.51,2024-05-15 13:41:33,credit,restaurant,Mumbai
17,150,240875.18,2024-05-22 19:11:20,debit,restaurant,Mumbai
18,137,183560.07,2024-04-21 00:57:54,credit,electronics,Bangalore
19,177,209755.53,2024-04-25 09:21:07,credit,grocery,Ahmedabad
20,169,245301.96,2024-04-14 00:22:04,credit,electronics,Hyderabad
21,173,115668.25,2024-05-08 00:58:29,debit,grocery,Hyderabad
22,167,117645.76,2024-04-19 03:24:54,credit,petrol,Bangalore
23,145,104416.45,2024-04-20 16:18:49,credit,petrol,Kolkata
24,183,209000.24,2024-05-15 22:31:34,credit,jewelry,Hyderabad
25,164,263666.42,2024-05-12 16:09:54,debit,electronics,Mumbai
26,134,168904.45,2024-05-09 11:56:26,credit,restaurant,Mumbai
27,126,220983.53,2024-04-25 16:17:56,credit,pharmacy,Hyderabad
28,170,242560.07,2024-04-19 05:52:34,credit,jewelry,Chennai
29,182,77460.49,2024-04-06 20:23:54,debit,pharmacy,Hyderabad
30,117,39582.08,2024-05-20 00:14:04,debit,electronics,Bangalore
31,140,259026.49,2024-04-18 18:13:25,credit,travel,Bangalore
32,116,34094.0,2024-05-04 09:09:51,debit,electronics,Hyderabad
33,198,204551.75,2024-05-23 07:15:38,debit,petrol,Delhi
34,110,16513.66,2024-05-04 16:58:53,credit,restaurant,Pune
35,177,110797.07,2024-05-03 06:29:52,credit,jewelry,Ahmedabad
36,127,266765.98,2024-05-12 08:12:20,credit,petrol,Kolkata
37,159,166202.81,2024-04-09 04:24:45,debit,electronics,Chennai
38,121,193811.22,2024-04-27 01:28:01,debit,pharmacy,Kolkata
39,182,48152.19,2024-04-17 19:09:32,debit,restaurant,Delhi
40,110,275645.92,2024-05-29 06:23:28,debit,electronics,Bangalore
41,182,184032.63,2024-04-12 01:36:26,credit,restaurant,Bangalore
42,129,108221.33,2024-04-23 15:15:00,credit,restaurant,Mumbai
43,137,244284.03,2024-05-09 02:32:42,debit,restaurant,Ahmedabad
44,190,181352.53,2024-05-10 17:33:08,debit,restaurant,Bangalore
45,186,215243.68,2024-04-30 16:30:36,credit,jewelry,Mumbai
46,177,17325.79,2024-04-20 06:01:45,credit,petrol,Delhi
47,140,169824.25,2024-05-30 05:07:25,debit,restaurant,Kolkata
48,131,46925.68,2024-04-19 19:41:12,debit,jewelry,Delhi
49,154,157075.17,2024-04-17 15:10:45,credit,electronics,Chennai
50,145,262571.81,2024-04-11 02:03:04,debit,restaurant,Chennai
51,190,151547.17,2024-04-01 23:47:47,credit,jewelry,Ahmedabad
52,145,65592.16,2024-05-30 22:49:47,credit,pharmacy,Kolkata
53,126,118800.02,2024-05-21 05:10:48,debit,grocery,Chennai
54,114,264187.01,2024-05-17 12:50:21,debit,restaurant,Mumbai
55,114,129155.98,2024-05-24 16:38:02,credit,electronics,Mumbai
56,177,178777.89,2024-05-01 01:35:49,debit,petrol,Bangalore
57,182,123362.88,2024-05-14 17:11:30,credit,travel,Chennai
58,150,293052.92,2024-05-17 09:07:29,debit,pharmacy,Hyderabad
59,170,223701.04,2024-04-12 13:53:27,credit,electronics,Bangalore
60,184,15009.57,2024-05-22 08:27:49,debit,jewelry,Bangalore
61,193,121510.05,2024-05-10 19:46:18,debit,restaurant,Mumbai
62,127,23264.84,2024-04-12 00:28:58,debit,pharmacy,Bangalore
63,182,294908.58,2024-04-22 19:50:09,debit,restaurant,Hyderabad
64,172,11148.76,2024-04-18 19:17:05,credit,restaurant,Pune
65,184,191756.85,2024-04-30 13:41:18,debit,grocery,Hyderabad
66,114,90201.98,2024-05-28 08:39:39,credit,travel,Bangalore
67,137,237601.6,2024-05-02 22:56:17,debit,travel,Chennai
68,102,18272.21,2024-04-19 16:56:31,credit,restaurant,Pune
69,137,128104.56,2024-04-26 12:35:55,credit,electronics,Chennai
70,126,19995.58,2024-04-05 14:10:14,credit,pharmacy,Bangalore
71,101,48194.16,2024-05-08 01:06:02,credit,restaurant,Ahmedabad
72,117,146464.56,2024-04-18 12:37:41,debit,grocery,Hyderabad
73,182,10437.16,2024-04-17 22:12:20,credit,petrol,Chennai
74,105,83053.52,2024-05-02 22:24:40,debit,restaurant,Pune
75,149,169470.54,2024-05-04 22:50:26,credit,electronics,Pune
76,105,33597.04,2024-05-09 06:13:21,debit,travel,Chennai
77,143,67313.7,2024-04-12 06:31:03,credit,travel,Kolkata
78,183,75652.27,2024-04-14 20:50:04,credit,travel,Kolkata
79,180,22352.9,2024-05-05 00:10:04,credit,jewelry,Chennai
80,134,149642.46,2024-05-21 03:19:25,debit,pharmacy,Kolkata
81,182,260170.89,2024-04-05 04:09:50,credit,grocery,Kolkata
82,119,149803.14,2024-05-04 11:55:42,debit,jewelry,Chennai
83,177,65030.93,2024-04-28 11:56:57,credit,grocery,Mumbai
84,122,142207.81,2024-05-07 08:58:46,debit,petrol,Kolkata
85,170,192522.34,2024-05-16 21:36:55,debit,electronics,Mumbai
86,111,239046.94,2024-04-17 09:25:33,debit,electronics,Bangalore
87,126,72677.05,2024-05-20 02:57:03,debit,restaurant,Chennai
88,101,254099.91,2024-05-03 05:56:24,credit,jewelry,Pune
89,181,155139.17,2024-05-30 18:44:46,debit,grocery,Pune
90,177,156125.5,2024-05-31 12:12:59,credit,restaurant,Mumbai
91,126,179098.75,2024-05-12 02:43:48,credit,electronics,Kolkata
92,197,115379.0,2024-05-20 18:52:44,debit,travel,Chennai
93,140,261019.88,2024-05-05 14:36:39,credit,grocery,Pune
94,182,163915.51,2024-04-14 08:19:37,debit,pharmacy,Chennai
95,193,153101.29,2024-05-16 00:16:55,debit,petrol,Bangalore
96,191,140494.41,2024-05-19 18:36:14,debit,restaurant,Kolkata
97,139,243143.67,2024-05-12 22:16:11,debit,restaurant,Hyderabad
98,129,74066.33,2024-05-18 12:57:08,credit,jewelry,Ahmedabad
99,143,49352.3,2024-05-12 09:31:54,debit,electronics,Bangalore
100,177,252500.69,2024-05-01 18:34:40,credit,restaurant,Chennai
101,193,119976.84,2024-04-23 12:19:57,debit,electronics,Bangalore
102,193,293242.47,2024-05-27 11:37:45,credit,petrol,Mumbai
103,167,232252.73,2024-05-19 11:47:48,debit,petrol,Bangalore
104,167,247549.01,2024-04-27 13:30:09,credit,pharmacy,Kolkata
105,182,36731.77,2024-04-17 04:02:56,credit,petrol,Ahmedabad
106,176,16728.19,2024-05-06 19:07:00,debit,electronics,Ahmedabad
107,177,144628.2,2024-05-05 20:15:15,debit,restaurant,Kolkata
108,140,66430.47,2024-04-17 02:06:59,credit,jewelry,Mumbai
109,101,89505.1,2024-04-28 20:19:31,credit,electronics,Bangalore
110,193,258167.84,2024-04-04 12:43:27,credit,travel,Hyderabad
111,116,120116.61,2024-05-24 19:16:21,credit,restaurant,Mumbai
112,186,200286.0,2024-05-05 03:37:35,credit,jewelry,Ahmedabad
113,143,120774.9,2024-04-22 05:33:28,credit,travel,Bangalore
114,121,162676.9,2024-05-13 21:58:48,credit,petrol,Ahmedabad
115,129,201062.18,2024-05-07 10:17:52,credit,grocery,Mumbai
116,193,297611.44,2024-05-03 06:41:47,credit,restaurant,Mumbai
117,131,53907.42,2024-04-04 00:46:11,credit,petrol,Delhi
118,169,168930.77,2024-05-19 07:49:54,debit,travel,Kolkata
119,139,45821.81,2024-05-04 17:05:02,debit,jewelry,Chennai
120,119,196720.99,2024-04-14 18:30:25,credit,grocery,Chennai
121,137,99568.31,2024-04-15 08:32:37,credit,petrol,Chennai
122,198,205592.42,2024-04-06 04:59:41,debit,petrol,Delhi
123,186,90707.58,2024-05-19 14:29:46,debit,petrol,Ahmedabad
124,165,112472.31,2024-05-17 00:42:15,credit,travel,Ahmedabad
125,149,31674.3,2024-04-28 18:42:11,debit,pharmacy,Mumbai
126,186,102962.32,2024-05-29 00:32:50,debit,petrol,Mumbai
127,105,215781.52,2024-05-16 05:39:15,debit,jewelry,Bangalore
128,180,265533.18,2024-04-03 00:28:34,debit,travel,Delhi
129,151,109735.97,2024-05-21 03:57:34,credit,pharmacy,Chennai
130,177,298994.39,2024-05-10 17:36:25,debit,jewelry,Ahmedabad
131,198,266792.06,2024-05-25 20:43:40,credit,electronics,Hyderabad
132,172,99227.63,2024-04-05 18:33:02,credit,grocery,Kolkata
133,137,179431.99,2024-05-08 11:22:31,debit,grocery,Kolkata
134,117,104324.64,2024-04-26 08:19:14,debit,petrol,Delhi
135,143,277207.75,2024-04-03 08:59:17,credit,pharmacy,Kolkata
136,193,178213.94,2024-05-13 03:36:56,debit,petrol,Mumbai
137,129,198020.96,2024-04-13 18:11:50,debit,restaurant,Mumbai
138,125,28924.42,2024-04-27 16:22:19,credit,restaurant,Pune
139,104,38153.51,2024-04-26 19:02:15,credit,grocery,Delhi
140,194,170881.17,2024-05-30 07:35:51,debit,petrol,Mumbai
141,117,204565.6,2024-05-19 01:05:53,debit,jewelry,Mumbai
142,101,204747.82,2024-05-07 11:30:40,credit,electronics,Bangalore
143,179,172978.02,2024-04-29 09:55:52,debit,grocery,Delhi
144,194,130574.56,2024-05-02 05:44:56,debit,pharmacy,Chennai
145,145,3278.89,2024-04-06 23:40:41,debit,restaurant,Bangalore
146,101,167977.07,2024-04-27 00:27:34,debit,jewelry,Pune
147,195,68359.12,2024-04-07 14:13:53,credit,restaurant,Ahmedabad
148,126,102835.97,2024-05-14 09:20:08,credit,travel,Chennai
149,199,90596.29,2024-04-21 18:33:17,credit,pharmacy,Delhi
150,121,136856.92,2024-05-29 19:16:06,credit,petrol,Kolkata
151,149,53848.57,2024-05-24 22:29:02,debit,travel,Chennai
152,102,76456.96,2024-04-03 12:16:30,credit,petrol,Mumbai
153,182,221650.91,2024-04-18 13:05:54,debit,restaurant,Pune
154,137,261784.58,2024-05-03 17:28:07,debit,pharmacy,Mumbai
155,143,11068.22,2024-04-07 15:56:56,credit,petrol,Bangalore
156,152,215797.05,2024-05-08 16:02:46,credit,jewelry,Mumbai
157,181,200291.55,2024-05-17 03:58:57,credit,travel,Ahmedabad
158,137,66913.04,2024-04-05 01:45:13,debit,electronics,Ahmedabad
159,177,186897.41,2024-04-09 19:39:30,debit,grocery,Chennai
160,130,147883.38,2024-05-19 06:20:34,debit,travel,Hyderabad
161,127,284147.04,2024-04-10 10:48:00,debit,petrol,Delhi
162,180,127577.45,2024-04-26 12:33:26,debit,jewelry,Hyderabad
163,180,112213.01,2024-05-02 21:43:16,credit,travel,Mumbai
164,194,105269.97,2024-05-09 04:08:19,credit,jewelry,Hyderabad
165,191,235870.8,2024-05-27 21:13:37,credit,travel,Pune
166,191,783.91,2024-04-27 21:37:45,debit,electronics,Ahmedabad
167,197,172044.12,2024-04-25 00:35:59,credit,pharmacy,Ahmedabad
168,159,61599.81,2024-05-27 13:31:55,credit,travel,Chennai
169,196,146961.16,2024-04-17 16:38:49,debit,grocery,Delhi
170,131,181556.93,2024-04-26 06:05:23,credit,petrol,Chennai
171,130,288693.86,2024-05-25 05:59:48,credit,pharmacy,Kolkata
172,194,123198.21,2024-05-17 14:45:37,debit,travel,Delhi
173,101,165720.82,2024-04-06 06:53:54,debit,electronics,Pune
174,190,135582.96,2024-05-10 18:58:58,credit,travel,Pune
175,119,109081.78,2024-05-27 04:47:47,debit,grocery,Bangalore
176,188,284035.21,2024-04-21 20:25:09,credit,restaurant,Pune
177,152,41296.06,2024-04-08 18:38:50,credit,electronics,Pune
178,196,104818.02,2024-04-17 23:17:31,debit,jewelry,Bangalore
179,137,16625.44,2024-04-01 23:22:30,debit,travel,Kolkata
180,161,76319.03,2024-04-30 01:23:07,credit,electronics,Pune
181,161,61181.91,2024-05-30 10:42:05,credit,jewelry,Hyderabad
182,182,287131.75,2024-05-24 14:47:50,debit,petrol,Pune
183,122,186410.61,2024-04-18 06:31:52,credit,grocery,Mumbai
184,121,221472.21,2024-05-24 05:36:45,credit,jewelry,Mumbai
185,169,214819.36,2024-04-10 07:55:49,credit,restaurant,Bangalore
186,118,30273.66,2024-05-15 00:58:13,credit,restaurant,Chennai
187,130,197254.95,2024-04-15 20:03:52,debit,restaurant,Hyderabad
188,104,257870.17,2024-04-25 15:37:22,debit,pharmacy,Delhi
189,116,232627.17,2024-05-11 07:19:09,credit,pharmacy,Mumbai
190,117,188242.94,2024-05-22 08:59:42,debit,electronics,Ahmedabad
191,197,299429.53,2024-04-21 06:10:25,debit,jewelry,Pune
192,159,248140.26,2024-05-16 03:35:16,debit,jewelry,Ahmedabad
193,101,113949.9,2024-05-24 05:03:28,debit,electronics,Kolkata
194,186,31920.12,2024-05-22 15:47:51,debit,jewelry,Hyderabad
195,150,39290.99,2024-05-29 15:48:21,credit,grocery,Chennai
196,126,62438.27,2024-04-19 18:20:29,credit,grocery,Bangalore
197,145,258406.1,2024-05-22 05:57:58,credit,petrol,Mumbai
198,179,276929.84,2024-04-26 08:32:40,debit,travel,Kolkata
199,167,50757.6,2024-05-30 11:22:29,credit,restaurant,Hyderabad
200,145,248844.48,2024-04-05 14:28:51,debit,grocery,Ahmedabad
201,150,156413.74,2024-05-23 10:39:10,debit,electronics,Ahmedabad
202,199,116808.65,2024-04-27 18:12:35,debit,petrol,Bangalore
203,105,211298.01,2024-05-07 05:53:08,debit,pharmacy,Mumbai
204,190,144831.9,2024-05-04 23:03:27,debit,grocery,Hyderabad
205,121,298070.27,2024-04-03 10:11:04,credit,petrol,Chennai
206,177,142252.2,2024-05-17 16:13:58,credit,pharmacy,Hyderabad
207,110,281412.63,2024-04-15 19:13:17,credit,travel,Pune
208,136,128385.39,2024-05-16 09:46:53,debit,restaurant,Chennai
209,179,270751.16,2024-05-06 01:46:37,credit,travel,Mumbai
210,145,137916.25,2024-05-24 16:25:48,credit,electronics,Pune
211,145,172181.07,2024-04-08 12:35:27,debit,electronics,Hyderabad
212,195,266849.88,2024-04-23 07:37:11,debit,travel,Delhi
213,194,103142.15,2024-05-19 10:04:40,debit,electronics,Bangalore
214,198,225834.82,2024-05-19 16:00:45,debit,jewelry,Bangalore
215,161,276715.88,2024-05-18 00:01:32,debit,travel,Hyderabad
216,129,112275.94,2024-04-04 21:05:04,credit,pharmacy,Ahmedabad
217,182,96715.68,2024-05-11 07:53:30,credit,pharmacy,Chennai
218,159,139685.96,2024-04-26 22:07:59,credit,electronics,Kolkata
219,130,50272.77,2024-04-01 13:12:19,debit,jewelry,Pune
220,149,146820.92,2024-04-20 19:17:19,debit,petrol,Hyderabad
221,110,123696.85,2024-05-21 05:06:09,debit,petrol,Kolkata
222,101,183553.69,2024-04-06 10:09:11,credit,petrol,Chennai
223,179,209398.91,2024-05-26 16:42:34,debit,grocery,Kolkata
224,101,179530.73,2024-05-28 23:29:58,debit,grocery,Chennai
225,193,172524.24,2024-05-28 06:22:06,debit,grocery,Kolkata
226,164,182053.56,2024-04-28 15:22:18,credit,pharmacy,Bangalore
227,114,191817.51,2024-05-26 23:59:19,debit,grocery,Bangalore
228,182,198641.58,2024-04-24 10:36:44,credit,restaurant,Pune
229,114,160015.08,2024-05-09 00:50:20,debit,grocery,Delhi
230,183,42587.2,2024-04-12 17:41:17,credit,pharmacy,Hyderabad
231,180,171829.26,2024-04-28 07:04:04,debit,petrol,Ahmedabad
232,182,292735.76,2024-04-12 12:20:25,credit,restaurant,Delhi
233,143,248716.51,2024-04-21 01:49:15,debit,jewelry,Delhi
234,102,39519.72,2024-05-27 04:12:42,debit,pharmacy,Chennai
235,136,282656.1,2024-04-19 17:39:44,debit,jewelry,Bangalore
236,183,299107.25,2024-05-31 11:03:13,debit,pharmacy,Chennai
237,148,175151.72,2024-04-01 23:41:53,debit,travel,Kolkata
238,117,122202.53,2024-05-22 02:22:15,debit,electronics,Kolkata
239,174,73185.13,2024-04-06 10:57:55,debit,travel,Ahmedabad
240,198,36318.82,2024-05-21 06:11:56,credit,electronics,Mumbai
241,182,50148.37,2024-04-19 05:06:57,debit,electronics,Hyderabad
242,126,124065.38,2024-05-18 13:57:01,credit,jewelry,Ahmedabad
243,104,110696.52,2024-04-15 05:18:32,credit,electronics,Ahmedabad
244,161,102681.05,2024-04-04 21:56:26,debit,petrol,Chennai
245,179,273728.51,2024-05-28 19:55:58,credit,petrol,Ahmedabad
246,137,125647.17,2024-04-24 11:52:47,debit,electronics,Kolkata
247,190,18387.72,2024-04-11 19:51:11,debit,jewelry,Chennai
248,129,258749.66,2024-04-30 19:36:27,debit,pharmacy,Mumbai
249,148,188.76,2024-05-03 21:12:03,debit,grocery,Hyderabad
250,140,258495.25,2024-05-12 17:00:19,debit,jewelry,Mumbai
251,140,172645.16,2024-05-12 04:17:37,debit,electronics,Hyderabad
252,114,228997.92,2024-05-09 00:51:05,debit,jewelry,Pune
253,181,262981.16,2024-05-27 14:27:12,credit,restaurant,Kolkata
254,131,189015.37,2024-04-04 08:15:42,debit,electronics,Kolkata
255,121,298746.73,2024-05-13 10:34:53,credit,travel,Chennai
256,145,12386.51,2024-05-21 20:25:27,debit,jewelry,Pune
257,106,116126.83,2024-04-07 20:02:27,credit,grocery,Chennai
258,184,235067.44,2024-04-19 15:39:17,debit,travel,Mumbai
259,193,43721.43,2024-04-05 02:11:22,debit,restaurant,Kolkata
260,129,169553.2,2024-04-17 11:01:38,debit,pharmacy,Mumbai
261,172,82246.02,2024-05-14 08:50:38,debit,electronics,Chennai
262,149,229420.28,2024-04-30 05:50:45,debit,petrol,Kolkata
263,148,258445.04,2024-05-03 00:30:36,credit,pharmacy,Ahmedabad
264,182,277861.15,2024-05-29 03:42:00,debit,electronics,Kolkata
265,122,171229.02,2024-05-09 05:51:48,debit,travel,Kolkata
266,122,117426.66,2024-05-16 14:46:33,credit,travel,Pune
267,199,274361.54,2024-04-15 10:43:24,debit,grocery,Kolkata
268,184,242841.49,2024-05-23 21:52:57,debit,jewelry,Pune
269,196,6578.03,2024-05-22 10:39:53,credit,travel,Hyderabad
270,111,286656.66,2024-05-24 15:02:29,credit,petrol,Bangalore
271,184,77415.02,2024-05-19 08:35:02,credit,electronics,Ahmedabad
272,140,269306.38,2024-04-02 23:04:23,debit,pharmacy,Pune
273,114,205921.11,2024-04-05 17:32:02,credit,petrol,Hyderabad
274,167,79525.26,2024-04-03 22:54:48,credit,restaurant,Delhi
275,194,72248.7,2024-05-13 12:29:09,debit,grocery,Mumbai
276,196,96851.21,2024-05-24 05:30:09,credit,restaurant,Chennai
277,173,84517.22,2024-05-13 18:48:44,debit,electronics,Chennai
278,173,290938.19,2024-05-23 04:49:12,credit,travel,Chennai
279,117,154699.96,2024-05-08 18:12:34,credit,electronics,Chennai
280,134,64541.65,2024-04-16 15:37:28,credit,petrol,Ahmedabad
281,149,80110.99,2024-05-29 20:32:13,credit,electronics,Chennai
282,199,107343.69,2024-05-14 09:01:31,debit,grocery,Bangalore
283,101,237894.86,2024-04-06 12:24:11,debit,pharmacy,Pune
284,186,92410.34,2024-05-25 02:47:57,credit,pharmacy,Hyderabad
285,121,33751.81,2024-04-10 14:15:57,debit,jewelry,Hyderabad
286,161,174468.48,2024-05-15 04:08:17,debit,pharmacy,Pune
287,186,250280.23,2024-04-06 04:07:29,credit,travel,Hyderabad
288,174,200492.44,2024-05-24 07:55:21,debit,jewelry,Mumbai
289,184,50452.13,2024-04-04 20:15:38,credit,travel,Kolkata
290,195,210346.86,2024-05-02 04:16:33,credit,restaurant,Pune
291,104,250998.33,2024-05-06 07:04:50,credit,petrol,Kolkata
292,174,292170.8,2024-04-12 12:42:47,credit,electronics,Delhi
293,194,41762.88,2024-04-23 12:28:17,debit,pharmacy,Delhi
294,126,227018.85,2024-05-20 19:36:49,debit,electronics,Pune
295,118,253185.84,2024-05-15 02:41:30,credit,grocery,Ahmedabad
296,139,137007.36,2024-05-22 16:01:03,debit,restaurant,Bangalore
297,116,203453.96,2024-05-27 14:46:54,debit,petrol,Kolkata
298,117,72786.48,2024-04-01 04:12:04,debit,pharmacy,Hyderabad
299,110,68435.92,2024-04-10 12:44:14,debit,petrol,Mumbai
300,152,119700.23,2024-05-04 06:16:10,debit,travel,Bangalore
301,143,107859.38,2024-05-22 18:21:17,credit,petrol,Bangalore
302,195,159159.93,2024-04-13 15:41:37,credit,grocery,Delhi
303,161,33234.86,2024-04-15 09:26:42,debit,pharmacy,Mumbai
304,174,124643.69,2024-04-29 09:44:25,credit,grocery,Delhi
305,152,90174.51,2024-05-08 22:22:23,credit,petrol,Bangalore
306,198,172370.61,2024-04-18 10:12:16,debit,electronics,Ahmedabad
307,199,77505.08,2024-04-20 03:51:06,debit,jewelry,Hyderabad
308,190,94578.07,2024-05-10 14:13:14,credit,petrol,Bangalore
309,196,67083.87,2024-05-08 12:37:33,debit,travel,Chennai
310,194,3524.74,2024-05-23 04:55:19,debit,jewelry,Pune
311,197,78584.76,2024-05-23 22:26:48,debit,jewelry,Mumbai
312,143,127826.68,2024-05-02 22:02:11,debit,grocery,Kolkata
313,182,188859.16,2024-04-09 14:17:58,credit,grocery,Bangalore
314,116,292995.2,2024-05-11 12:26:20,credit,jewelry,Hyderabad
315,140,68096.76,2024-05-25 16:12:57,credit,petrol,Ahmedabad
316,159,41474.47,2024-04-08 08:22:34,debit,travel,Kolkata
317,114,181681.75,2024-04-03 23:15:30,debit,travel,Pune
318,186,290474.66,2024-05-01 23:34:48,debit,petrol,Delhi
319,176,270433.71,2024-05-29 12:39:38,debit,restaurant,Delhi
320,161,165916.12,2024-04-01 07:11:42,credit,pharmacy,Pune
321,152,78565.74,2024-05-23 17:47:33,debit,travel,Ahmedabad
322,134,186251.14,2024-05-08 03:56:24,credit,jewelry,Chennai
323,191,258344.44,2024-04-08 21:52:51,credit,grocery,Pune
324,190,94695.58,2024-05-09 14:33:17,debit,travel,Bangalore
325,190,116358.72,2024-05-11 14:29:16,credit,restaurant,Hyderabad
326,159,148491.58,2024-04-15 04:11:58,debit,restaurant,Hyderabad
327,159,229378.19,2024-04-23 13:46:33,debit,pharmacy,Delhi
328,197,42402.66,2024-05-27 01:53:52,credit,grocery,Bangalore
329,196,200023.74,2024-04-01 15:47:18,debit,grocery,Pune
330,182,112764.45,2024-05-19 18:13:59,debit,restaurant,Ahmedabad
331,137,158557.94,2024-05-31 17:07:33,credit,grocery,Chennai
332,177,268315.13,2024-05-28 12:40:44,debit,restaurant,Bangalore
333,148,165646.72,2024-05-17 17:23:51,credit,restaurant,Chennai
334,140,129266.84,2024-04-21 06:37:06,debit,pharmacy,Pune
335,183,232811.78,2024-05-22 18:17:00,debit,grocery,Pune
336,170,139243.89,2024-05-18 01:55:52,debit,restaurant,Ahmedabad
337,134,227598.7,2024-05-01 15:32:04,debit,restaurant,Kolkata
338,119,286967.83,2024-04-27 16:44:04,debit,jewelry,Pune
339,184,290787.25,2024-05-14 19:21:21,credit,restaurant,Chennai
340,143,48264.72,2024-04-29 06:23:54,credit,restaurant,Delhi
341,196,291692.22,2024-04-15 16:03:39,credit,electronics,Ahmedabad
342,198,84641.19,2024-05-16 23:52:51,debit,petrol,Delhi
343,191,161860.06,2024-04-30 00:01:12,debit,pharmacy,Bangalore
344,126,56777.39,2024-04-03 22:48:25,credit,petrol,Hyderabad
345,165,877.55,2024-05-08 12:44:11,credit,jewelry,Hyderabad
346,145,249361.39,2024-05-05 14:34:29,debit,travel,Delhi
347,180,298013.22,2024-05-03 15:32:26,credit,restaurant,Mumbai
348,139,78081.2,2024-04-14 10:25:45,debit,jewelry,Ahmedabad
349,190,116638.26,2024-05-15 07:56:42,debit,restaurant,Chennai
350,193,199846.18,2024-04-25 23:10:59,credit,pharmacy,Ahmedabad
351,118,271438.23,2024-04-12 00:47:12,credit,travel,Mumbai
352,199,104074.76,2024-05-08 14:58:48,credit,restaurant,Hyderabad
353,154,109530.25,2024-04-19 06:28:55,credit,jewelry,Ahmedabad
354,126,263320.71,2024-04-19 20:26:54,debit,travel,Pune
355,184,92694.39,2024-04-24 18:12:25,debit,electronics,Mumbai
356,137,24062.44,2024-04-27 02:13:47,credit,jewelry,Pune
357,114,67119.64,2024-05-02 07:10:02,debit,restaurant,Hyderabad
358,101,255240.12,2024-04-14 22:49:46,credit,jewelry,Delhi
359,122,257344.28,2024-04-27 19:05:16,credit,jewelry,Hyderabad
360,140,74253.71,2024-04-26 11:58:41,debit,petrol,Pune
361,184,243757.25,2024-05-05 09:53:29,debit,petrol,Kolkata
362,181,86516.97,2024-04-19 20:11:54,credit,grocery,Delhi
363,161,91995.38,2024-05-30 09:31:15,credit,pharmacy,Kolkata
364,121,93970.68,2024-05-16 21:02:05,credit,pharmacy,Chennai
365,159,288723.18,2024-05-01 09:55:54,credit,petrol,Mumbai
366,129,43975.55,2024-05-05 12:31:41,debit,pharmacy,Mumbai
367,126,146936.87,2024-04-13 05:32:02,debit,travel,Mumbai
368,197,170623.92,2024-05-21 05:16:25,debit,travel,Bangalore
369,130,92729.7,2024-05-02 11:29:28,debit,petrol,Delhi
370,137,87492.14,2024-04-19 02:07:36,debit,restaurant,Delhi
371,148,202295.33,2024-04-22 05:56:48,credit,travel,Hyderabad
372,118,206132.36,2024-04-23 09:34:10,credit,restaurant,Mumbai
373,119,56566.95,2024-04-19 05:12:06,credit,petrol,Kolkata
374,188,17299.11,2024-04-23 16:20:44,credit,restaurant,Ahmedabad
375,145,258951.3,2024-04-28 20:57:32,debit,restaurant,Mumbai
376,117,36174.15,2024-05-14 16:06:22,debit,travel,Pune
377,197,256335.18,2024-04-07 15:00:15,debit,pharmacy,Chennai
378,182,46239.55,2024-04-21 04:09:37,credit,restaurant,Hyderabad
379,194,220827.63,2024-05-03 03:36:14,credit,jewelry,Delhi
380,193,216228.61,2024-05-21 02:03:24,credit,grocery,Mumbai
381,125,163345.42,2024-04-13 01:45:06,debit,jewelry,Hyderabad
382,176,166647.61,2024-05-26 02:09:33,credit,restaurant,Chennai
383,173,254844.34,2024-04-26 07:35:56,debit,petrol,Chennai
384,177,205945.64,2024-04-27 15:46:04,credit,jewelry,Delhi
385,176,29344.81,2024-04-09 07:25:38,debit,travel,Chennai
386,148,27448.32,2024-05-01 03:01:39,credit,pharmacy,Bangalore
387,176,275944.57,2024-04-13 09:06:26,credit,grocery,Mumbai
388,104,277174.42,2024-04-08 22:40:19,debit,petrol,Chennai
389,101,138796.95,2024-05-29 21:23:18,debit,pharmacy,Mumbai
390,173,283334.28,2024-04-25 14:51:13,credit,grocery,Kolkata
391,101,60377.02,2024-05-25 01:47:11,debit,jewelry,Mumbai
392,116,27601.25,2024-04-16 03:41:13,credit,jewelry,Chennai
393,183,87269.66,2024-05-20 05:35:26,debit,pharmacy,Mumbai
394,195,74843.5,2024-05-20 07:48:56,credit,petrol,Ahmedabad
395,198,113861.11,2024-05-12 07:26:23,credit,jewelry,Mumbai
396,177,174830.86,2024-05-06 06:46:20,debit,pharmacy,Delhi
397,174,7323.35,2024-05-03 11:47:10,credit,restaurant,Delhi
398,183,235469.24,2024-04-19 15:29:05,credit,pharmacy,Kolkata
399,101,190916.85,2024-05-31 12:51:55,debit,petrol,Mumbai
400,182,229187.5,2024-04-21 13:57:52,credit,grocery,Ahmedabad
401,137,111531.58,2024-04-09 20:58:19,credit,pharmacy,Hyderabad
402,183,213625.16,2024-04-01 09:16:29,credit,pharmacy,Hyderabad
403,104,111353.42,2024-05-29 23:05:57,debit,pharmacy,Pune
404,184,245803.94,2024-05-15 06:45:17,credit,pharmacy,Ahmedabad
405,191,264270.97,2024-04-02 04:20:50,debit,restaurant,Bangalore
406,184,23360.02,2024-04-25 23:39:13,credit,travel,Ahmedabad
407,126,101678.78,2024-04-12 04:26:30,debit,restaurant,Hyderabad
408,193,95621.1,2024-05-22 18:25:10,credit,petrol,Kolkata
409,170,131473.35,2024-05-02 22:31:48,debit,pharmacy,Kolkata
410,196,234016.12,2024-04-14 12:35:51,credit,grocery,Delhi
411,190,108281.15,2024-04-12 14:52:21,debit,travel,Hyderabad
412,101,135121.69,2024-04-10 14:32:47,credit,petrol,Mumbai
413,121,298679.85,2024-05-26 12:58:03,debit,grocery,Chennai
414,193,194114.05,2024-05-18 18:42:18,credit,electronics,Pune
415,180,141213.68,2024-05-15 08:08:56,debit,jewelry,Hyderabad
416,177,147941.84,2024-04-27 19:59:27,credit,electronics,Delhi
417,193,236885.77,2024-04-11 11:48:44,debit,pharmacy,Kolkata
418,102,142721.24,2024-04-19 10:44:14,credit,grocery,Delhi
419,169,162747.84,2024-04-24 05:46:27,debit,jewelry,Pune
420,161,192666.36,2024-05-15 19:09:35,credit,electronics,Ahmedabad
421,126,284392.95,2024-04-20 18:42:21,credit,petrol,Kolkata
422,177,279618.9,2024-04-24 07:27:19,debit,travel,Delhi
423,184,216335.23,2024-04-05 10:08:43,credit,electronics,Pune
424,137,61619.43,2024-05-16 15:59:56,debit,travel,Kolkata
425,195,58903.07,2024-05-08 21:17:11,credit,electronics,Bangalore
426,198,170148.73,2024-04-06 11:47:29,debit,pharmacy,Delhi
427,193,252008.98,2024-05-10 04:04:29,credit,grocery,Chennai
428,174,207451.22,2024-05-14 15:58:37,debit,petrol,Kolkata
429,150,279367.76,2024-05-12 16:40:14,credit,restaurant,Delhi
430,152,263092.47,2024-05-07 00:22:55,debit,pharmacy,Chennai
431,143,259763.56,2024-05-31 12:19:06,debit,pharmacy,Chennai
432,101,297573.87,2024-04-07 08:25:15,debit,jewelry,Chennai
433,161,112173.11,2024-04-29 23:55:42,credit,restaurant,Chennai
434,101,263849.41,2024-04-08 10:42:08,credit,petrol,Hyderabad
435,177,58938.17,2024-05-02 16:01:34,credit,petrol,Pune
436,193,77081.01,2024-04-17 09:33:28,debit,pharmacy,Chennai
437,161,71258.66,2024-04-14 07:37:46,debit,pharmacy,Hyderabad
438,114,132566.72,2024-04-28 04:50:29,debit,restaurant,Kolkata
439,199,124176.45,2024-04-19 14:22:40,debit,pharmacy,Kolkata
440,184,113309.97,2024-04-26 14:47:30,credit,petrol,Kolkata
441,159,81332.18,2024-04-07 17:23:27,debit,restaurant,Kolkata
442,194,108596.81,2024-04-10 04:45:58,debit,jewelry,Pune
443,167,23749.69,2024-05-26 03:15:58,credit,restaurant,Delhi
444,143,230458.11,2024-04-20 03:25:15,credit,electronics,Ahmedabad
445,191,70236.86,2024-05-01 16:16:36,credit,restaurant,Bangalore
446,159,182757.9,2024-05-08 22:11:23,credit,jewelry,Chennai
447,116,159820.08,2024-04-28 15:39:26,credit,electronics,Bangalore
448,116,85848.09,2024-04-13 01:27:58,credit,restaurant,Bangalore
449,105,174811.1,2024-05-09 20:44:26,credit,grocery,Hyderabad
450,177,30149.8,2024-04-25 17:00:49,credit,restaurant,Hyderabad
451,190,272954.16,2024-04-27 22:13:26,credit,petrol,Kolkata
452,188,228854.74,2024-04-20 07:31:52,credit,pharmacy,Mumbai
453,177,108328.15,2024-04-06 16:43:08,debit,petrol,Kolkata
454,190,244312.09,2024-05-01 08:32:31,debit,jewelry,Ahmedabad
455,102,9809.72,2024-05-31 04:09:47,debit,jewelry,Ahmedabad
456,114,285861.35,2024-05-02 18:07:55,debit,pharmacy,Pune
457,129,190563.26,2024-05-18 03:07:04,debit,jewelry,Bangalore
458,167,243982.53,2024-04-10 01:37:02,debit,jewelry,Ahmedabad
459,143,248559.38,2024-04-25 22:24:58,credit,jewelry,Hyderabad
460,145,278279.8,2024-04-05 18:47:46,credit,jewelry,Delhi
461,180,38878.5,2024-04-03 08:09:11,credit,grocery,Pune
462,194,280547.22,2024-04-19 08:17:27,credit,grocery,Hyderabad
463,105,168365.03,2024-05-27 21:06:26,credit,grocery,Bangalore
464,139,111873.25,2024-05-10 07:16:32,debit,travel,Bangalore
465,101,15662.4,2024-04-16 16:34:12,debit,travel,Delhi
466,105,260470.79,2024-04-30 01:26:17,debit,electronics,Ahmedabad
467,193,69548.0,2024-05-16 15:18:07,debit,electronics,Delhi
468,161,178820.43,2024-05-12 04:20:42,credit,restaurant,Kolkata
469,194,281867.88,2024-04-17 02:56:47,credit,jewelry,Pune
470,119,123248.44,2024-04-25 18:44:59,debit,jewelry,Delhi
471,177,23829.13,2024-04-11 22:28:14,debit,restaurant,Bangalore
472,129,142296.41,2024-05-19 10:11:53,debit,jewelry,Bangalore
473,177,231451.71,2024-04-27 09:02:24,debit,jewelry,Mumbai
474,127,149113.83,2024-05-14 03:43:43,debit,travel,Hyderabad
475,117,7319.88,2024-05-13 09:33:34,debit,petrol,Chennai
476,114,101997.93,2024-04-01 23:02:05,credit,travel,Delhi
477,195,40049.98,2024-04-03 16:55:19,debit,petrol,Hyderabad
478,182,128404.75,2024-04-04 08:46:15,debit,restaurant,Mumbai
479,193,65893.92,2024-05-18 08:20:55,credit,travel,Kolkata
480,117,197359.33,2024-04-21 20:03:37,credit,restaurant,Pune
481,184,153525.41,2024-04-08 04:00:28,debit,jewelry,Kolkata
482,190,92267.18,2024-05-17 06:07:32,debit,grocery,Pune
483,149,286966.74,2024-05-31 02:55:50,credit,grocery,Chennai
484,179,288216.59,2024-05-02 15:15:17,debit,jewelry,Mumbai
485,196,33192.79,2024-05-09 21:44:33,debit,grocery,Kolkata
486,114,280505.62,2024-05-08 17:28:47,credit,jewelry,Bangalore
487,102,65130.86,2024-04-06 11:17:17,debit,jewelry,Kolkata
488,111,207952.41,2024-04-15 22:46:30,credit,jewelry,Chennai
489,199,65705.1,2024-05-22 00:27:15,credit,travel,Kolkata
490,126,188926.4,2024-05-03 12:22:54,debit,pharmacy,Bangalore
491,167,51241.72,2024-05-03 20:16:16,credit,travel,Bangalore
492,150,194491.86,2024-05-14 19:42:05,debit,pharmacy,Bangalore
493,101,6641.53,2024-05-09 05:56:40,debit,travel,Delhi
494,145,142912.09,2024-04-10 11:58:39,credit,grocery,Pune
495,177,154380.77,2024-05-30 05:01:58,credit,pharmacy,Mumbai
496,101,56424.09,2024-05-22 17:54:59,debit,grocery,Delhi
497,140,224277.97,2024-05-21 03:52:36,credit,pharmacy,Delhi
498,193,84205.09,2024-05-22 13:59:52,debit,pharmacy,Chennai
499,173,93532.26,2024-05-23 03:24:04,debit,electronics,Mumbai
500,194,183846.53,2024-04-22 09:31:43,debit,grocery,Delhi
501,193,5551.95,2024-05-12 10:04:58,credit,travel,Bangalore
502,184,234695.94,2024-05-21 01:50:39,credit,electronics,Kolkata
503,199,38710.69,2024-04-05 11:58:21,debit,restaurant,Chennai
504,190,189175.66,2024-05-22 11:11:20,credit,pharmacy,Chennai
505,170,25465.59,2024-04-25 00:08:41,debit,jewelry,Ahmedabad
506,121,45924.19,2024-05-29 17:39:50,debit,jewelry,Mumbai
507,121,245540.95,2024-04-13 19:57:21,credit,grocery,Chennai
508,176,122922.43,2024-04-11 23:16:45,credit,petrol,Delhi
509,195,65799.24,2024-04-10 19:08:26,debit,restaurant,Chennai
510,114,98643.19,2024-05-23 05:34:17,debit,jewelry,Delhi
511,165,262077.11,2024-05-07 21:12:32,credit,restaurant,Delhi
512,176,10961.37,2024-05-25 23:50:24,credit,grocery,Chennai
513,176,81275.83,2024-05-04 00:35:45,credit,pharmacy,Pune
514,130,96580.31,2024-05-29 05:59:57,credit,restaurant,Delhi
515,183,139314.76,2024-04-18 19:26:51,debit,restaurant,Ahmedabad
516,191,166592.1,2024-04-14 10:47:19,debit,jewelry,Hyderabad
517,125,56784.33,2024-04-28 06:32:05,debit,pharmacy,Bangalore
518,136,259238.08,2024-05-03 07:58:05,credit,grocery,Hyderabad
519,182,108406.31,2024-04-04 17:00:25,debit,petrol,Mumbai
520,126,248259.54,2024-05-13 20:11:30,credit,restaurant,Bangalore
521,179,8505.11,2024-04-21 16:00:35,credit,jewelry,Chennai
522,127,263633.35,2024-05-26 04:10:05,credit,restaurant,Chennai
523,191,280051.86,2024-04-24 19:41:55,credit,travel,Bangalore
524,174,150097.3,2024-05-16 13:07:32,credit,petrol,Kolkata
525,139,181246.19,2024-05-16 02:49:11,credit,restaurant,Hyderabad
526,182,187711.23,2024-04-30 23:06:59,credit,travel,Ahmedabad
527,193,293871.37,2024-05-19 08:00:58,credit,restaurant,Chennai
528,182,253129.42,2024-05-17 07:23:46,credit,travel,Kolkata
529,116,266491.44,2024-05-04 20:53:38,credit,pharmacy,Hyderabad
530,172,191398.26,2024-04-04 03:05:26,debit,travel,Bangalore
531,180,142530.84,2024-05-01 20:02:00,credit,electronics,Hyderabad
532,173,27367.55,2024-04-10 01:45:39,credit,electronics,Delhi
533,177,281789.53,2024-05-20 23:29:41,debit,travel,Ahmedabad
534,161,32878.4,2024-04-04 14:07:04,credit,grocery,Hyderabad
535,116,5016.18,2024-05-05 10:13:48,debit,electronics,Kolkata
536,104,224045.64,2024-04-16 12:31:55,credit,jewelry,Delhi
537,198,170114.86,2024-04-27 10:17:58,debit,pharmacy,Pune
538,137,30068.86,2024-05-30 07:20:57,debit,restaurant,Chennai
539,127,292148.02,2024-04-30 03:50:44,debit,travel,Mumbai
540,198,291780.03,2024-04-24 22:29:43,credit,grocery,Hyderabad
541,196,208107.48,2024-04-03 16:17:26,credit,travel,Pune
542,106,193301.6,2024-04-03 16:23:30,debit,electronics,Pune
543,177,196752.94,2024-04-29 15:15:10,debit,pharmacy,Mumbai
544,174,268439.35,2024-05-25 19:25:55,credit,jewelry,Chennai
545,130,245725.69,2024-05-01 00:13:43,credit,jewelry,Mumbai
546,104,236871.05,2024-05-07 02:41:37,debit,travel,Delhi
547,126,18718.88,2024-05-04 02:19:10,credit,petrol,Chennai
548,159,296044.06,2024-05-28 11:07:47,credit,petrol,Bangalore
549,174,216761.12,2024-04-03 02:15:13,debit,petrol,Chennai
550,143,81080.58,2024-05-23 02:27:19,debit,jewelry,Bangalore
551,173,139540.3,2024-05-30 04:48:51,credit,pharmacy,Ahmedabad
552,177,192459.87,2024-04-09 13:40:00,debit,pharmacy,Bangalore
553,182,264207.31,2024-05-17 23:38:45,credit,jewelry,Chennai
554,197,280771.7,2024-04-18 17:57:35,debit,grocery,Ahmedabad
555,161,290377.81,2024-05-14 15:56:48,credit,grocery,Bangalore
556,126,182071.56,2024-05-19 11:28:14,debit,grocery,Ahmedabad
557,174,179811.88,2024-05-06 03:53:43,credit,petrol,Hyderabad
558,161,20243.19,2024-05-26 19:27:37,debit,travel,Hyderabad
559,111,73002.59,2024-05-15 05:01:10,debit,grocery,Chennai
560,193,182350.39,2024-05-04 00:30:02,credit,pharmacy,Chennai
561,164,284470.17,2024-05-01 06:36:27,credit,pharmacy,Delhi
562,176,248720.3,2024-05-16 23:32:56,debit,pharmacy,Chennai
563,121,113188.83,2024-05-20 03:37:50,credit,travel,Ahmedabad
564,104,124075.32,2024-04-21 03:07:37,credit,grocery,Delhi
565,199,20554.49,2024-04-27 13:02:27,debit,petrol,Chennai
566,182,168639.27,2024-04-28 18:24:11,debit,pharmacy,Delhi
567,139,217036.33,2024-05-13 14:17:03,credit,grocery,Kolkata
568,127,118710.22,2024-05-19 08:51:25,credit,pharmacy,Pune
569,176,40913.32,2024-05-05 08:06:29,credit,petrol,Bangalore
570,101,217924.46,2024-05-01 18:16:46,credit,pharmacy,Bangalore
571,110,188285.1,2024-05-17 18:03:26,credit,petrol,Chennai
572,169,91028.01,2024-05-31 08:19:31,debit,restaurant,Bangalore
573,101,227154.86,2024-05-08 05:49:22,debit,travel,Pune
574,150,199623.18,2024-05-12 09:44:17,debit,petrol,Mumbai
575,105,185337.89,2024-05-09 20:52:39,credit,grocery,Delhi
576,184,287580.71,2024-05-10 18:12:39,debit,electronics,Ahmedabad
577,190,218091.36,2024-04-30 12:44:09,credit,electronics,Delhi
578,180,204102.6,2024-05-28 16:21:37,debit,restaurant,Pune
579,117,174967.83,2024-04-30 19:28:49,debit,pharmacy,Hyderabad
580,167,286810.07,2024-04-22 16:11:16,credit,restaurant,Pune
581,195,55217.94,2024-04-26 10:18:52,debit,electronics,Kolkata
582,193,195188.78,2024-04-26 21:45:15,debit,electronics,Chennai
583,198,165653.31,2024-04-08 10:08:38,debit,electronics,Ahmedabad
584,182,51457.69,2024-05-16 09:08:09,credit,restaurant,Chennai
585,177,236850.15,2024-05-29 18:42:28,debit,travel,Chennai
586,197,84135.32,2024-04-06 12:16:16,credit,travel,Ahmedabad
587,101,78234.07,2024-04-05 22:06:31,debit,jewelry,Chennai
588,122,95327.35,2024-04-04 00:15:35,debit,travel,Chennai
589,151,236665.09,2024-05-30 01:30:10,credit,restaurant,Kolkata
590,191,216516.08,2024-05-26 12:27:00,credit,grocery,Mumbai
591,167,38098.1,2024-05-12 16:40:05,debit,jewelry,Pune
592,114,240412.95,2024-04-16 17:20:34,debit,electronics,Hyderabad
593,191,160485.41,2024-04-17 16:25:06,credit,grocery,Bangalore
594,127,13431.84,2024-04-21 03:07:12,credit,jewelry,Bangalore
595,174,92727.67,2024-04-07 16:14:38,credit,pharmacy,Bangalore
596,118,4684.27,2024-05-31 01:16:58,credit,jewelry,Kolkata
597,198,281492.83,2024-05-16 18:09:29,credit,electronics,Ahmedabad
598,101,137850.71,2024-05-08 17:04:00,credit,restaurant,Delhi
599,193,150844.85,2024-05-17 23:27:03,debit,jewelry,Bangalore
600,198,170222.86,2024-05-29 01:28:45,credit,jewelry,Pune
601,191,128384.05,2024-04-15 06:21:57,credit,pharmacy,Delhi
602,193,39557.42,2024-05-24 17:27:53,debit,jewelry,Delhi
603,186,80184.93,2024-04-26 00:51:19,debit,pharmacy,Mumbai
604,143,60052.76,2024-05-05 04:40:08,credit,grocery,Delhi
605,174,253644.94,2024-05-05 11:17:30,credit,restaurant,Hyderabad
606,101,165852.88,2024-05-18 09:53:22,debit,electronics,Delhi
607,126,111745.21,2024-04-28 09:38:34,debit,electronics,Pune
608,176,277277.12,2024-04-05 01:25:25,credit,jewelry,Bangalore
609,193,99323.76,2024-04-16 02:05:21,debit,grocery,Mumbai
610,152,275178.04,2024-04-22 18:48:26,debit,petrol,Kolkata
611,199,11511.63,2024-04-23 20:51:13,credit,grocery,Delhi
612,191,109154.92,2024-05-16 17:04:18,debit,restaurant,Chennai
613,148,96680.53,2024-05-18 10:29:37,debit,jewelry,Kolkata
614,167,38784.0,2024-04-17 20:24:54,debit,jewelry,Kolkata
615,190,145112.3,2024-05-07 16:28:11,credit,pharmacy,Mumbai
616,167,210311.89,2024-05-20 15:25:21,debit,jewelry,Chennai
617,151,245117.93,2024-04-13 00:38:54,debit,jewelry,Kolkata
618,143,68048.18,2024-05-13 12:36:18,debit,electronics,Chennai
619,165,62719.96,2024-04-13 04:12:31,credit,grocery,Kolkata
620,125,88765.6,2024-04-24 22:38:32,credit,travel,Hyderabad
621,102,37196.32,2024-04-18 08:20:19,debit,electronics,Kolkata
622,110,178179.96,2024-04-12 16:14:42,credit,pharmacy,Bangalore
623,177,188817.36,2024-05-09 15:54:43,credit,grocery,Mumbai
624,191,230838.03,2024-04-10 07:38:28,debit,restaurant,Pune
625,114,173872.72,2024-04-08 11:05:59,debit,electronics,Hyderabad
626,151,116351.23,2024-04-14 00:10:53,credit,pharmacy,Bangalore
627,101,168353.88,2024-05-02 02:54:52,debit,grocery,Delhi
628,148,47401.01,2024-04-29 00:13:22,credit,pharmacy,Delhi
629,193,203693.12,2024-04-18 08:00:55,credit,restaurant,Bangalore
630,131,253900.43,2024-04-25 06:15:21,credit,electronics,Mumbai
631,199,107530.38,2024-04-09 08:49:19,credit,electronics,Chennai
632,101,26235.77,2024-05-09 14:23:16,debit,pharmacy,Pune
633,145,38110.08,2024-04-04 21:39:45,debit,pharmacy,Hyderabad
634,148,168818.27,2024-05-13 14:10:58,debit,petrol,Hyderabad
635,194,51393.76,2024-04-13 17:49:29,credit,travel,Mumbai
636,101,98391.29,2024-05-06 07:34:14,debit,restaurant,Chennai
637,117,297773.54,2024-05-16 01:03:08,credit,petrol,Delhi
638,143,276758.23,2024-05-30 23:31:25,debit,grocery,Ahmedabad
639,182,180647.0,2024-04-20 23:02:53,credit,pharmacy,Delhi
640,177,187327.17,2024-05-25 00:02:13,credit,grocery,Kolkata
641,184,150151.63,2024-04-05 14:37:55,credit,pharmacy,Kolkata
642,129,282644.09,2024-04-18 02:47:21,credit,pharmacy,Bangalore
643,116,108988.85,2024-05-28 14:15:43,debit,petrol,Mumbai
644,174,34265.45,2024-05-10 03:50:23,debit,restaurant,Hyderabad
645,110,184917.95,2024-05-14 07:19:55,credit,restaurant,Kolkata
646,195,280878.84,2024-05-28 08:55:54,debit,electronics,Delhi
647,173,235590.02,2024-04-28 23:34:54,debit,jewelry,Ahmedabad
648,183,143661.87,2024-04-28 21:11:33,credit,pharmacy,Kolkata
649,176,13619.38,2024-04-25 01:23:21,credit,grocery,Pune
650,114,178160.03,2024-04-22 00:24:05,debit,jewelry,Mumbai
651,143,188033.23,2024-05-12 15:30:23,debit,restaurant,Delhi
652,145,124571.35,2024-05-19 21:53:36,debit,electronics,Ahmedabad
653,140,104052.74,2024-04-09 01:42:34,credit,restaurant,Ahmedabad
654,179,203456.61,2024-05-26 08:00:26,debit,electronics,Bangalore
655,174,153813.83,2024-05-14 17:17:14,debit,travel,Bangalore
656,174,102089.92,2024-05-16 03:15:30,debit,electronics,Delhi
657,167,137198.1,2024-05-05 02:40:23,debit,pharmacy,Mumbai
658,130,75563.97,2024-04-28 02:05:32,credit,jewelry,Chennai
659,136,173345.28,2024-05-25 18:39:34,credit,jewelry,Ahmedabad
660,126,71328.49,2024-04-21 21:37:16,debit,travel,Bangalore
661,180,97744.17,2024-04-28 20:49:50,credit,jewelry,Pune
662,121,134817.83,2024-04-08 17:22:08,debit,petrol,Hyderabad
663,145,242589.69,2024-04-14 00:32:51,credit,petrol,Bangalore
664,173,181193.35,2024-05-14 16:32:26,debit,restaurant,Mumbai
665,117,209891.35,2024-04-15 22:11:53,credit,travel,Delhi
666,195,266564.83,2024-04-30 14:48:54,credit,petrol,Bangalore
667,177,254901.89,2024-04-26 09:32:25,debit,petrol,Delhi
668,194,298039.67,2024-05-02 14:39:17,debit,electronics,Hyderabad
669,129,150125.52,2024-04-30 02:15:43,credit,travel,Chennai
670,139,189722.02,2024-05-10 10:36:41,credit,jewelry,Pune
671,188,35358.64,2024-04-02 03:59:06,debit,restaurant,Hyderabad
672,140,84771.46,2024-04-29 04:08:12,debit,travel,Hyderabad
673,197,178949.26,2024-05-24 06:32:59,debit,restaurant,Chennai
674,167,289926.13,2024-04-24 22:52:23,debit,petrol,Bangalore
675,122,290137.17,2024-05-03 21:17:17,debit,jewelry,Delhi
676,183,151171.52,2024-04-20 08:18:41,credit,travel,Pune
677,167,115693.33,2024-04-08 15:18:21,debit,electronics,Bangalore
678,186,30906.97,2024-05-10 09:23:49,credit,jewelry,Pune
679,121,91349.35,2024-04-13 21:50:05,debit,grocery,Kolkata
680,193,143005.1,2024-04-25 01:25:16,debit,grocery,Pune
681,131,123047.14,2024-05-24 09:54:02,debit,restaurant,Delhi
682,194,28397.05,2024-04-03 16:17:54,debit,travel,Ahmedabad
683,154,5178.09,2024-05-27 07:17:50,debit,grocery,Hyderabad
684,179,97504.82,2024-05-21 09:56:36,credit,electronics,Bangalore
685,111,37024.98,2024-05-07 21:46:51,debit,petrol,Ahmedabad
686,179,204435.52,2024-05-22 06:20:58,debit,electronics,Kolkata
687,152,299333.8,2024-04-10 13:52:25,credit,electronics,Ahmedabad
688,170,56359.66,2024-04-09 17:43:37,credit,jewelry,Mumbai
689,116,245232.84,2024-05-23 12:21:00,credit,jewelry,Kolkata
690,143,121503.5,2024-04-09 18:23:24,debit,electronics,Bangalore
691,194,218372.01,2024-04-23 15:58:14,debit,electronics,Kolkata
692,136,150664.42,2024-05-17 00:42:08,debit,petrol,Bangalore
693,182,256281.14,2024-04-04 20:16:53,credit,travel,Ahmedabad
694,129,234392.15,2024-04-28 20:40:58,debit,jewelry,Bangalore
695,167,153108.1,2024-04-07 20:36:41,debit,grocery,Hyderabad
696,197,148486.01,2024-04-08 18:59:53,credit,restaurant,Mumbai
697,190,35331.82,2024-05-17 22:29:06,credit,jewelry,Bangalore
698,169,288777.91,2024-05-10 16:43:06,debit,restaurant,Kolkata
699,195,73604.74,2024-05-05 00:07:42,debit,petrol,Hyderabad
700,127,83000.61,2024-04-25 21:20:47,credit,grocery,Bangalore
701,101,268857.69,2024-05-23 16:49:54,credit,petrol,Pune
702,167,76603.83,2024-05-27 13:08:11,debit,grocery,Mumbai
703,173,259916.69,2024-04-30 08:18:30,credit,petrol,Delhi
704,151,140080.93,2024-04-26 12:55:22,debit,restaurant,Pune
705,101,17785.18,2024-05-07 22:58:47,credit,jewelry,Delhi
706,122,59283.12,2024-05-11 04:02:47,debit,petrol,Kolkata
707,194,8705.42,2024-04-07 20:52:27,debit,petrol,Delhi
708,106,91976.39,2024-05-04 05:32:18,credit,electronics,Kolkata
709,151,55582.05,2024-05-11 20:15:42,credit,jewelry,Delhi
710,186,87537.79,2024-04-18 13:42:07,debit,restaurant,Ahmedabad
711,199,289343.1,2024-04-19 21:00:21,debit,electronics,Mumbai
712,199,132988.92,2024-05-10 04:25:56,credit,pharmacy,Bangalore
713,188,147456.11,2024-05-27 16:48:53,debit,pharmacy,Delhi
714,145,80433.74,2024-05-27 00:18:00,debit,grocery,Delhi
715,183,137153.92,2024-04-15 20:42:16,credit,electronics,Hyderabad
716,126,83244.71,2024-05-10 16:31:46,credit,petrol,Delhi
717,164,109825.2,2024-04-15 11:36:34,credit,jewelry,Mumbai
718,106,93570.38,2024-04-26 10:22:57,credit,jewelry,Chennai
719,136,160235.59,2024-04-09 05:39:11,credit,electronics,Hyderabad
720,139,298547.41,2024-05-18 01:42:02,debit,jewelry,Kolkata
721,114,241926.26,2024-04-02 04:42:22,credit,pharmacy,Bangalore
722,170,60879.62,2024-05-25 04:46:02,credit,pharmacy,Bangalore
723,143,167616.68,2024-04-14 02:48:52,debit,petrol,Delhi
724,159,179565.33,2024-05-21 15:58:08,credit,grocery,Mumbai
725,105,10174.92,2024-04-02 03:02:58,credit,petrol,Hyderabad
726,197,255611.54,2024-05-25 07:10:57,credit,petrol,Hyderabad
727,145,55212.53,2024-05-31 07:25:04,credit,grocery,Delhi
728,190,6304.14,2024-04-15 10:47:18,debit,grocery,Chennai
729,177,185380.29,2024-05-09 15:02:58,credit,pharmacy,Kolkata
730,117,209901.37,2024-05-27 13:14:26,debit,petrol,Mumbai
731,106,107046.2,2024-04-12 01:22:21,credit,pharmacy,Delhi
732,165,99018.64,2024-04-05 06:39:54,credit,pharmacy,Bangalore
733,184,84937.82,2024-05-03 20:35:12,credit,travel,Chennai
734,116,171518.06,2024-04-29 22:26:51,debit,petrol,Mumbai
735,174,95226.62,2024-04-11 15:05:53,credit,grocery,Hyderabad
736,101,66503.09,2024-04-23 19:27:08,credit,travel,Kolkata
737,183,61979.72,2024-05-31 19:39:05,debit,restaurant,Ahmedabad
738,182,115839.77,2024-05-21 11:40:16,debit,electronics,Ahmedabad
739,111,210754.6,2024-05-08 14:25:47,debit,grocery,Mumbai
740,169,171102.87,2024-04-21 13:10:20,debit,travel,Mumbai
741,101,163643.72,2024-05-12 23:29:36,credit,jewelry,Kolkata
742,117,71154.1,2024-04-23 04:48:32,credit,petrol,Ahmedabad
743,176,220047.07,2024-04-23 15:01:48,debit,jewelry,Kolkata
744,191,244203.59,2024-05-30 09:24:15,debit,electronics,Ahmedabad
745,180,149688.47,2024-04-13 12:12:26,credit,travel,Delhi
746,180,63396.4,2024-04-22 10:28:46,credit,petrol,Mumbai
747,126,219926.12,2024-05-17 05:35:20,credit,pharmacy,Hyderabad
748,177,63242.72,2024-05-23 07:03:27,credit,petrol,Ahmedabad
749,110,5498.36,2024-05-22 13:47:11,debit,travel,Chennai
750,101,225574.24,2024-04-13 15:46:36,debit,travel,Chennai
751,161,205808.42,2024-04-14 09:31:49,debit,pharmacy,Kolkata
752,159,213685.41,2024-05-31 16:01:43,credit,petrol,Kolkata
753,117,297136.81,2024-05-27 09:32:00,credit,grocery,Delhi
754,125,205373.69,2024-04-30 11:27:46,debit,electronics,Hyderabad
755,188,38966.06,2024-04-20 14:37:07,debit,petrol,Hyderabad
756,177,52589.43,2024-04-20 03:17:13,debit,travel,Ahmedabad
757,106,187684.57,2024-05-24 09:04:10,credit,jewelry,Ahmedabad
758,119,15156.37,2024-05-21 12:13:07,debit,electronics,Mumbai
759,194,118580.08,2024-04-10 04:23:52,debit,electronics,Chennai
760,104,185605.79,2024-05-24 12:15:25,debit,restaurant,Kolkata
761,190,180690.4,2024-04-17 05:54:56,credit,electronics,Ahmedabad
762,143,101853.07,2024-04-24 14:55:12,debit,pharmacy,Chennai
763,126,138971.49,2024-05-24 04:04:05,debit,pharmacy,Delhi
764,172,293018.36,2024-04-27 07:21:19,debit,grocery,Delhi
765,167,72494.54,2024-04-13 17:12:47,credit,electronics,Chennai
766,182,225773.83,2024-04-04 09:38:04,debit,restaurant,Delhi
767,130,69315.35,2024-05-16 02:54:34,credit,restaurant,Pune
768,186,226854.99,2024-04-21 03:41:46,debit,grocery,Bangalore
769,125,290921.71,2024-04-12 07:42:52,credit,restaurant,Mumbai
770,193,68557.76,2024-04-13 16:00:42,credit,petrol,Chennai
771,101,231054.62,2024-04-06 21:09:27,debit,grocery,Ahmedabad
772,181,270432.83,2024-04-20 10:49:56,debit,electronics,Ahmedabad
773,193,31826.99,2024-05-12 06:23:01,credit,jewelry,Mumbai
774,110,41469.17,2024-05-19 17:39:03,credit,jewelry,Delhi
775,186,87270.14,2024-05-05 15:13:51,debit,restaurant,Delhi
776,180,254146.07,2024-05-11 15:08:31,credit,electronics,Mumbai
777,122,156699.49,2024-05-26 02:19:37,debit,electronics,Delhi
778,159,187943.79,2024-05-22 18:42:51,credit,pharmacy,Delhi
779,184,57837.61,2024-04-04 04:19:11,credit,petrol,Hyderabad
780,127,96189.21,2024-05-08 23:28:07,debit,grocery,Delhi
781,173,228377.98,2024-05-31 16:36:03,debit,petrol,Mumbai
782,148,184342.04,2024-04-02 14:49:43,debit,petrol,Bangalore
783,191,198028.06,2024-04-08 09:58:57,credit,restaurant,Mumbai
784,127,210481.54,2024-05-08 12:59:52,credit,pharmacy,Bangalore
785,136,126404.87,2024-05-04 14:58:03,credit,grocery,Pune
786,167,150257.43,2024-04-26 22:29:32,debit,electronics,Mumbai
787,101,110650.5,2024-04-01 18:16:48,credit,restaurant,Mumbai
788,102,194792.04,2024-05-19 17:06:49,debit,restaurant,Hyderabad
789,161,72034.98,2024-05-29 19:53:52,debit,pharmacy,Mumbai
790,197,283999.48,2024-04-10 10:05:20,debit,travel,Bangalore
791,125,12759.0,2024-05-11 07:16:29,credit,restaurant,Mumbai
792,161,173730.85,2024-04-07 17:26:55,debit,electronics,Hyderabad
793,182,47248.85,2024-04-17 14:21:03,debit,grocery,Kolkata
794,129,234331.8,2024-05-11 14:12:56,credit,electronics,Hyderabad
795,172,158705.42,2024-05-06 14:41:48,debit,grocery,Chennai
796,101,295008.3,2024-05-31 19:42:31,credit,travel,Delhi
797,116,262740.12,2024-04-28 14:53:03,credit,restaurant,Hyderabad
798,196,112343.21,2024-04-01 10:42:03,credit,petrol,Delhi
799,118,126971.25,2024-04-13 12:38:25,debit,petrol,Delhi
800,176,182208.21,2024-05-09 23:47:42,credit,petrol,Delhi
801,110,51154.58,2024-04-01 01:33:28,credit,petrol,Mumbai
802,101,210341.16,2024-04-26 00:57:50,debit,grocery,Ahmedabad
803,140,74067.7,2024-05-25 01:46:45,credit,jewelry,Ahmedabad
804,126,271698.39,2024-05-25 21:43:36,credit,restaurant,Delhi
805,116,199432.76,2024-04-30 09:17:31,debit,pharmacy,Bangalore
806,145,169860.92,2024-04-16 20:43:18,debit,pharmacy,Kolkata
807,152,31348.29,2024-05-20 03:00:52,debit,jewelry,Chennai
808,198,230048.07,2024-05-18 16:56:03,credit,restaurant,Delhi
809,182,99574.67,2024-05-29 11:16:56,debit,grocery,Bangalore
810,137,170703.8,2024-05-19 16:16:15,credit,grocery,Hyderabad
811,164,255530.14,2024-04-13 09:04:27,credit,petrol,Mumbai
812,195,15684.6,2024-05-01 13:20:51,credit,pharmacy,Chennai
813,118,104701.12,2024-05-24 23:07:24,credit,restaurant,Ahmedabad
814,173,133506.69,2024-05-01 06:47:26,credit,pharmacy,Mumbai
815,151,188555.99,2024-05-18 23:44:48,debit,electronics,Hyderabad
816,125,88264.71,2024-05-16 01:52:23,credit,restaurant,Hyderabad
817,116,264203.38,2024-05-03 06:58:12,debit,jewelry,Chennai
818,122,113221.94,2024-05-25 01:48:16,debit,jewelry,Delhi
819,184,165155.33,2024-04-18 00:08:12,credit,grocery,Hyderabad
820,101,252820.01,2024-05-21 18:46:33,debit,petrol,Hyderabad
821,117,117523.74,2024-04-18 02:29:32,credit,restaurant,Kolkata
822,177,90125.42,2024-05-03 06:44:01,debit,jewelry,Hyderabad
823,114,214459.57,2024-04-05 08:40:54,debit,grocery,Chennai
824,118,263113.59,2024-05-20 21:48:58,credit,grocery,Kolkata
825,161,131952.82,2024-04-21 01:42:26,debit,travel,Chennai
826,116,38603.89,2024-05-19 07:49:25,debit,electronics,Mumbai
827,150,140781.49,2024-05-22 17:39:31,debit,grocery,Pune
828,119,9186.07,2024-04-17 19:18:13,credit,restaurant,Delhi
829,169,237238.36,2024-05-30 13:52:17,credit,travel,Delhi
830,101,250008.3,2024-05-20 11:59:41,credit,restaurant,Kolkata
831,173,236936.34,2024-05-16 02:59:48,credit,grocery,Mumbai
832,194,293798.44,2024-05-26 12:52:23,debit,petrol,Mumbai
833,182,72545.28,2024-05-22 14:54:35,credit,restaurant,Ahmedabad
834,199,31750.02,2024-04-20 00:21:48,credit,petrol,Chennai
835,106,30476.98,2024-05-08 09:19:59,credit,jewelry,Bangalore
836,197,142462.71,2024-05-27 14:30:56,credit,travel,Bangalore
837,140,151823.53,2024-04-13 11:40:30,debit,jewelry,Hyderabad
838,188,4475.64,2024-05-26 00:10:32,credit,electronics,Bangalore
839,194,192285.62,2024-05-03 06:50:16,credit,grocery,Ahmedabad
840,197,138353.02,2024-04-22 08:49:00,credit,jewelry,Chennai
841,102,205565.88,2024-05-03 08:01:24,debit,restaurant,Kolkata
842,122,39803.74,2024-04-15 17:18:04,debit,travel,Hyderabad
843,145,54682.07,2024-05-07 05:05:36,debit,petrol,Ahmedabad
844,164,283953.79,2024-05-02 16:33:12,credit,pharmacy,Ahmedabad
845,180,164817.5,2024-05-27 16:35:07,credit,electronics,Pune
846,190,72341.66,2024-04-30 14:42:13,debit,electronics,Kolkata
847,161,272450.93,2024-05-15 17:19:12,credit,restaurant,Ahmedabad
848,167,175025.65,2024-04-24 14:49:38,credit,pharmacy,Kolkata
849,101,67354.43,2024-04-11 09:48:30,debit,grocery,Kolkata
850,174,204337.26,2024-04-06 03:10:08,credit,electronics,Chennai
851,126,242699.27,2024-04-28 21:03:55,debit,grocery,Chennai
852,148,103670.28,2024-05-06 20:40:01,credit,pharmacy,Hyderabad
853,104,134713.09,2024-05-09 20:45:32,debit,grocery,Kolkata
854,126,112379.48,2024-05-07 08:25:34,credit,travel,Kolkata
855,126,24792.46,2024-05-05 07:55:58,debit,jewelry,Kolkata
856,137,293765.57,2024-04-27 19:26:53,credit,jewelry,Delhi
857,191,192296.23,2024-04-18 09:26:34,debit,travel,Bangalore
858,129,55366.52,2024-05-08 11:39:34,debit,petrol,Kolkata
859,127,156336.53,2024-04-28 05:28:47,credit,travel,Hyderabad
860,195,271829.46,2024-04-13 08:53:04,credit,grocery,Pune
861,179,291992.96,2024-04-25 09:02:50,credit,restaurant,Mumbai
862,182,163231.41,2024-05-12 13:33:18,credit,restaurant,Ahmedabad
863,197,276586.51,2024-05-19 20:13:55,debit,restaurant,Pune
864,116,172997.47,2024-04-23 01:10:14,debit,petrol,Mumbai
865,116,266626.37,2024-04-13 19:04:31,credit,travel,Bangalore
866,174,81119.59,2024-05-12 15:41:03,debit,pharmacy,Hyderabad
867,105,152122.17,2024-05-06 20:24:34,debit,jewelry,Delhi
868,104,27719.84,2024-04-19 23:50:35,credit,petrol,Bangalore
869,180,95548.42,2024-05-27 22:57:01,debit,restaurant,Kolkata
870,190,215701.29,2024-04-08 16:18:24,credit,pharmacy,Delhi
871,191,133358.9,2024-04-23 00:31:03,debit,petrol,Chennai
872,101,99381.39,2024-04-04 13:32:21,credit,electronics,Hyderabad
873,143,77375.99,2024-05-07 08:28:00,debit,pharmacy,Bangalore
874,131,45000.32,2024-05-08 16:25:20,debit,jewelry,Bangalore
875,176,261834.49,2024-05-28 05:40:30,debit,travel,Hyderabad
876,170,20527.64,2024-05-06 04:25:58,credit,pharmacy,Hyderabad
877,105,207810.86,2024-05-21 23:52:31,credit,electronics,Hyderabad
878,145,233628.94,2024-05-06 03:09:46,credit,electronics,Chennai
879,196,57671.33,2024-04-30 07:50:13,credit,travel,Kolkata
880,184,174242.13,2024-05-19 23:37:27,debit,petrol,Delhi
881,117,102630.89,2024-04-22 15:07:53,debit,grocery,Bangalore
882,173,10972.98,2024-05-10 03:49:59,credit,grocery,Bangalore
883,127,254035.58,2024-05-18 03:31:26,credit,restaurant,Pune
884,130,246207.4,2024-05-28 23:31:00,debit,travel,Bangalore
885,140,195546.0,2024-05-14 03:35:36,debit,grocery,Kolkata
886,199,220461.06,2024-05-13 21:59:55,debit,jewelry,Hyderabad
887,165,131190.62,2024-05-01 13:16:22,credit,pharmacy,Pune
888,179,73868.96,2024-05-12 21:26:29,credit,restaurant,Kolkata
889,164,228198.86,2024-05-09 01:43:11,debit,electronics,Ahmedabad
890,111,147862.88,2024-04-16 18:56:54,debit,pharmacy,Ahmedabad
891,182,107008.29,2024-05-04 18:49:10,debit,jewelry,Bangalore
892,149,169902.64,2024-05-04 14:42:40,debit,travel,Pune
893,180,251251.16,2024-04-17 14:10:41,credit,restaurant,Bangalore
894,126,44029.65,2024-05-18 04:12:20,credit,pharmacy,Hyderabad
895,177,197920.12,2024-04-12 09:30:50,credit,electronics,Pune
896,193,258040.4,2024-05-05 00:20:37,debit,travel,Mumbai
897,196,50898.83,2024-05-13 02:21:47,credit,jewelry,Delhi
898,111,147863.73,2024-05-17 15:57:44,credit,restaurant,Chennai
899,183,20836.65,2024-04-13 04:18:44,credit,grocery,Kolkata
900,130,31195.51,2024-05-12 15:04:12,debit,travel,Ahmedabad
901,117,175814.46,2024-05-23 15:29:28,debit,petrol,Bangalore
902,198,86713.78,2024-05-26 13:37:04,credit,jewelry,Ahmedabad
903,176,206436.81,2024-04-07 19:47:10,debit,pharmacy,Delhi
904,197,115677.1,2024-04-18 05:14:59,debit,electronics,Mumbai
905,198,27558.97,2024-05-20 12:18:55,credit,petrol,Ahmedabad
906,194,272049.4,2024-05-12 04:41:31,credit,electronics,Delhi
907,118,217641.77,2024-05-19 11:45:42,credit,travel,Delhi
908,159,202291.94,2024-05-23 18:24:47,debit,grocery,Hyderabad
909,177,96949.75,2024-04-05 12:58:27,credit,jewelry,Mumbai
910,181,151019.08,2024-04-24 09:27:39,debit,restaurant,Pune
911,143,217187.31,2024-04-24 22:52:43,credit,petrol,Ahmedabad
912,177,293497.16,2024-05-22 06:17:31,debit,electronics,Pune
913,110,102358.17,2024-04-24 04:45:18,credit,travel,Kolkata
914,161,148408.81,2024-05-24 11:31:06,debit,petrol,Kolkata
915,130,64185.24,2024-05-06 21:45:52,debit,electronics,Pune
916,121,177251.19,2024-05-14 04:11:07,debit,electronics,Chennai
917,145,11801.39,2024-05-17 09:49:23,credit,jewelry,Mumbai
918,129,125409.85,2024-05-09 09:01:39,debit,grocery,Ahmedabad
919,116,98579.21,2024-04-22 23:26:10,debit,jewelry,Bangalore
920,186,240343.07,2024-05-24 23:54:00,debit,pharmacy,Pune
921,116,61481.76,2024-04-29 17:58:07,debit,pharmacy,Ahmedabad
922,101,274546.76,2024-05-06 11:23:19,debit,grocery,Kolkata
923,129,42664.72,2024-04-04 05:05:36,debit,travel,Chennai
924,182,148814.47,2024-04-11 17:16:47,credit,jewelry,Chennai
925,140,174728.23,2024-04-21 14:33:03,debit,pharmacy,Delhi
926,127,281483.03,2024-04-21 09:14:42,credit,petrol,Delhi
927,196,115585.26,2024-05-01 06:56:35,debit,jewelry,Ahmedabad
928,105,179364.49,2024-04-03 10:51:05,credit,petrol,Bangalore
929,130,207484.93,2024-05-22 02:03:59,debit,restaurant,Hyderabad
930,161,119166.79,2024-04-20 07:35:45,debit,grocery,Delhi
931,139,139885.43,2024-05-08 10:54:39,credit,grocery,Kolkata
932,176,193160.66,2024-05-14 15:37:01,debit,travel,Delhi
933,143,48666.63,2024-05-17 14:37:25,credit,restaurant,Mumbai
934,193,33679.45,2024-05-05 13:32:54,debit,jewelry,Ahmedabad
935,182,96136.35,2024-04-15 08:24:30,credit,grocery,Chennai
936,117,230844.09,2024-04-15 22:54:49,credit,travel,Ahmedabad
937,188,68495.74,2024-05-31 20:21:04,credit,electronics,Ahmedabad
938,137,251611.83,2024-05-21 21:56:42,debit,grocery,Delhi
939,149,244176.64,2024-05-09 23:38:35,debit,restaurant,Bangalore
940,173,17840.18,2024-05-31 23:24:31,debit,petrol,Bangalore
941,176,51865.61,2024-04-14 17:57:44,debit,restaurant,Chennai
942,130,156275.13,2024-05-05 03:11:03,credit,pharmacy,Ahmedabad
943,188,131577.47,2024-05-07 02:58:39,debit,electronics,Mumbai
944,174,159360.24,2024-04-18 23:25:24,credit,petrol,Ahmedabad
945,122,114829.45,2024-04-16 13:34:13,debit,restaurant,Kolkata
946,179,120382.79,2024-04-04 20:29:51,credit,jewelry,Delhi
947,193,53995.07,2024-05-18 04:08:45,debit,travel,Chennai
948,145,76810.75,2024-05-23 06:20:04,debit,grocery,Hyderabad
949,125,150677.88,2024-05-28 22:58:14,debit,grocery,Chennai
950,194,111223.68,2024-04-30 16:20:37,debit,grocery,Bangalore
951,131,67019.88,2024-05-06 12:57:34,debit,travel,Bangalore
952,134,32315.5,2024-04-07 02:21:56,credit,travel,Ahmedabad
953,194,255322.36,2024-04-24 15:59:54,credit,grocery,Ahmedabad
954,102,286879.5,2024-05-14 12:33:01,credit,travel,Chennai
955,194,106782.23,2024-04-30 22:32:15,credit,pharmacy,Hyderabad
956,188,272294.07,2024-05-05 08:54:18,debit,restaurant,Delhi
957,199,33615.56,2024-04-14 23:19:01,credit,electronics,Chennai
958,182,62529.25,2024-04-18 10:14:09,credit,petrol,Ahmedabad
959,193,38805.74,2024-05-23 01:58:40,credit,pharmacy,Bangalore
960,176,252895.25,2024-04-24 18:44:24,debit,grocery,Kolkata
961,181,159600.31,2024-04-26 06:13:19,credit,grocery,Mumbai
962,174,214881.58,2024-04-16 01:15:09,debit,electronics,Chennai
963,105,48178.63,2024-04-27 20:26:55,credit,restaurant,Hyderabad
964,104,279385.04,2024-04-05 21:10:19,credit,petrol,Kolkata
965,165,97932.75,2024-04-30 05:27:53,debit,grocery,Delhi
966,173,122411.46,2024-04-21 21:25:10,debit,pharmacy,Chennai
967,102,41292.45,2024-05-07 18:55:52,debit,pharmacy,Ahmedabad
968,104,248362.85,2024-04-16 02:04:33,credit,electronics,Mumbai
969,176,229929.39,2024-04-17 12:32:11,credit,electronics,Delhi
970,164,225931.38,2024-04-09 20:42:49,credit,pharmacy,Hyderabad
971,190,19161.76,2024-04-12 18:50:21,credit,petrol,Ahmedabad
972,182,166392.29,2024-05-05 23:10:51,credit,pharmacy,Kolkata
973,184,88736.37,2024-04-29 23:23:10,credit,pharmacy,Ahmedabad
974,173,284107.88,2024-04-26 03:20:06,debit,jewelry,Kolkata
975,182,12402.43,2024-04-14 05:01:52,credit,restaurant,Mumbai
976,137,218729.87,2024-05-19 17:26:27,debit,electronics,Bangalore
977,161,140445.71,2024-04-29 05:21:55,credit,electronics,Mumbai
978,176,243222.57,2024-04-30 08:52:08,debit,electronics,Kolkata
979,125,110582.17,2024-04-18 01:39:45,credit,pharmacy,Mumbai
980,122,257480.11,2024-05-21 13:08:19,debit,restaurant,Kolkata
981,101,158900.47,2024-05-22 10:59:20,debit,electronics,Mumbai
982,145,222602.93,2024-05-24 06:37:29,debit,jewelry,Chennai
983,194,86205.44,2024-04-09 18:42:07,credit,pharmacy,Kolkata
984,151,20551.85,2024-05-26 07:49:32,credit,jewelry,Bangalore
985,169,80034.43,2024-05-12 20:17:08,credit,pharmacy,Delhi
986,182,242523.13,2024-04-05 02:05:47,debit,electronics,Mumbai
987,143,200249.8,2024-05-04 05:06:51,credit,travel,Mumbai
988,104,23081.13,2024-04-20 00:35:28,debit,grocery,Chennai
989,154,112901.17,2024-04-04 16:30:34,credit,pharmacy,Mumbai
990,183,197647.97,2024-04-25 21:42:51,debit,electronics,Bangalore
991,159,170678.61,2024-05-03 00:28:17,credit,electronics,Chennai
992,159,25048.17,2024-05-08 20:59:32,debit,pharmacy,Ahmedabad
993,174,202029.56,2024-05-04 09:32:27,debit,travel,Delhi
994,197,161303.19,2024-05-03 07:14:07,debit,restaurant,Mumbai
995,167,20975.35,2024-04-18 19:19:06,debit,pharmacy,Pune
996,184,263943.28,2024-05-27 00:59:23,debit,travel,Ahmedabad
997,117,262639.99,2024-04-26 00:46:53,debit,grocery,Kolkata
998,190,128946.73,2024-04-09 00:31:09,credit,pharmacy,Hyderabad
999,184,28186.19,2024-04-13 05:49:39,debit,petrol,Mumbai
1000,105,56061.21,2024-04-16 13:01:17,debit,jewelry,Ahmedabad
